Review,text_clean,text_casefoldingText,text_final_splitted,text_slangwords,text_tokenizingText,text_normalized,text_stopword,text_sentenced,text_final_stemmed,fitur_terdeteksi,sentiment_pred
Pelajaran Hiragana Katakana untuk pemula tidak adaa,Pelajaran Hiragana Katakana untuk pemula tidak adaa,pelajaran hiragana katakana untuk pemula tidak adaa,pelajaran hiragana katakana untuk pemula tidak adaa,pelajaran hiragana katakana untuk pemula tidak adaa,"['pelajaran', 'hiragana', 'katakana', 'untuk', 'pemula', 'tidak', 'adaa']","['pelajaran', 'hiragana', 'katakana', 'untuk', 'pemula', 'tidak', 'adaa']","['pelajaran', 'hiragana', 'katakana', 'pemula', 'adaa']",pelajaran hiragana katakana pemula adaa,ajar hiragana katakana mula adaa,kotoba,positive
"aplikasi ini sangat membantu dalam latihan bahasa jepang, udh belajar kanji,kosakata sama bunpou di yt sama buku tapi bingung latihannya dimana, kebetulan ketemu iklan ni aplikasi dan pas aku cobain behhh membantu banget bisa latihan latihan soal, bintang 5 dah pokoknya ğŸ‘ğŸ‘âœ¨âœ¨ğŸ”¥ğŸ”¥",aplikasi ini sangat membantu dalam latihan bahasa jepang udh belajar kanjikosakata sama bunpou di yt sama buku tapi bingung latihannya dimana kebetulan ketemu iklan ni aplikasi dan pas aku cobain behhh membantu banget bisa latihan latihan soal bintang  dah pokoknya,aplikasi ini sangat membantu dalam latihan bahasa jepang udh belajar kanjikosakata sama bunpou di yt sama buku tapi bingung latihannya dimana kebetulan ketemu iklan ni aplikasi dan pas aku cobain behhh membantu banget bisa latihan latihan soal bintang  dah pokoknya,aplikasi ini sangat membantu dalam latihan bahasa jepang udh belajar kanjikosakata sama bunpou di yt sama buku bingung latihannya dimana kebetulan ketemu iklan ni aplikasi dan pas aku cobain behhh membantu banget bisa latihan latihan soal bintang  dah pokoknya,aplikasi ini sangat membantu dalam latihan bahasa jepang sudah belajar kanjikosakata sama bunpou di yt sama buku bingung latihannya dimana kebetulan ketemu iklan ini aplikasi dan pas aku cobain behhh membantu banget bisa latihan latihan soal bintang deh pokoknya,"['aplikasi', 'ini', 'sangat', 'membantu', 'dalam', 'latihan', 'bahasa', 'jepang', 'sudah', 'belajar', 'kanjikosakata', 'sama', 'bunpou', 'di', 'yt', 'sama', 'buku', 'bingung', 'latihannya', 'dimana', 'kebetulan', 'ketemu', 'iklan', 'ini', 'aplikasi', 'dan', 'pas', 'aku', 'cobain', 'behhh', 'membantu', 'banget', 'bisa', 'latihan', 'latihan', 'soal', 'bintang', 'deh', 'pokoknya']","['aplikasi', 'ini', 'sangat', 'membantu', 'dalam', 'latihan', 'bahasa', 'jepang', 'sudah', 'belajar', 'kanjikosakata', 'sama', 'bunpou', 'di', 'yt', 'sama', 'buku', 'bingung', 'latihannya', 'dimana', 'kebetulan', 'ketemu', 'iklan', 'ini', 'aplikasi', 'dan', 'pas', 'aku', 'cobain', 'behhh', 'membantu', 'banget', 'bisa', 'latihan', 'latihan', 'soal', 'bintang', 'deh', 'pokoknya']","['aplikasi', 'membantu', 'latihan', 'bahasa', 'jepang', 'belajar', 'kanjikosakata', 'bunpou', 'yt', 'buku', 'bingung', 'latihannya', 'dimana', 'ketemu', 'iklan', 'aplikasi', 'pas', 'cobain', 'behhh', 'membantu', 'banget', 'latihan', 'latihan', 'bintang', 'deh', 'pokoknya']",aplikasi membantu latihan bahasa jepang belajar kanjikosakata bunpou yt buku bingung latihannya dimana ketemu iklan aplikasi pas cobain behhh membantu banget latihan latihan bintang deh pokoknya,aplikasi bantu latih bahasa jepang ajar kanjikosakata bunpou yt buku bingung latih mana ketemu iklan aplikasi pas cobain behhh bantu banget latih latih bintang deh pokok,"bunpou,kanji,kotoba",positive
Aku apk migi ini kotoba nya ku jadikan patokan utama walaupun otodidak dan gak ada niatan masuk jlpt ada yang sama gak sihğŸ—¿,Aku apk migi ini kotoba nya ku jadikan patokan utama walaupun otodidak dan gak ada niatan masuk jlpt ada yang sama gak sih,aku apk migi ini kotoba nya ku jadikan patokan utama walaupun otodidak dan gak ada niatan masuk jlpt ada yang sama gak sih,aku apk migi ini kotoba nya ku jadikan patokan utama otodidak dan gak ada niatan masuk jlpt ada yang sama gak sih,aku apk migi ini kotoba nya ku jadikan patokan utama otodidak dan tidak ada niatan masuk jlpt ada yang sama tidak sih,"['aku', 'apk', 'migi', 'ini', 'kotoba', 'nya', 'ku', 'jadikan', 'patokan', 'utama', 'otodidak', 'dan', 'tidak', 'ada', 'niatan', 'masuk', 'jlpt', 'ada', 'yang', 'sama', 'tidak', 'sih']","['aku', 'apk', 'migi', 'ini', 'kotoba', 'nya', 'ku', 'jadikan', 'patokan', 'utama', 'otodidak', 'dan', 'tidak', 'ada', 'niatan', 'masuk', 'jlpt', 'ada', 'yang', 'sama', 'tidak', 'sih']","['apk', 'migi', 'kotoba', 'jadikan', 'patokan', 'utama', 'otodidak', 'niatan', 'masuk', 'jlpt']",apk migi kotoba jadikan patokan utama otodidak niatan masuk jlpt,apk migi kotoba jadi patok utama otodidak niat masuk jlpt,kotoba,positive
"It's a very good app, possible to make a roadmap to plan your daily study with predetermined goal. It covers all aspect of JLPT (Kanji, Bunpou, Goi, Dokkai, Choukai), and the mock exam helps to check your readiness and build confidence. It helped me get the N2 certificate, and the premium plan is cheap and worth it. The customer service is very fast and prompt, responding to my E-Mail request to unlink device in just around two hours (not mention on weekends).",Its a very good app possible to make a roadmap to plan your daily study with predetermined goal It covers all aspect of JLPT Kanji Bunpou Goi Dokkai Choukai and the mock exam helps to check your readiness and build confidence It helped me get the N certificate and the premium plan is cheap and worth it The customer service is very fast and prompt responding to my EMail request to unlink device in just around two hours not mention on weekends,its a very good app possible to make a roadmap to plan your daily study with predetermined goal it covers all aspect of jlpt kanji bunpou goi dokkai choukai and the mock exam helps to check your readiness and build confidence it helped me get the n certificate and the premium plan is cheap and worth it the customer service is very fast and prompt responding to my email request to unlink device in just around two hours not mention on weekends,its a very good app possible to make a roadmap to plan your daily study with predetermined goal it covers all aspect of jlpt kanji bunpou goi dokkai choukai and the mock exam helps to check your readiness and build confidence it helped me get the n certificate and the premium plan is cheap and worth it the customer service is very fast and prompt responding to my email request to unlink device in just around two hours not mention on weekends,its a very bagus app possible to make a roadmap to plan your daily study with predetermined goal it covers all aspect of jlpt kanji bunpou goi dokkai choukai and the mock exam helps to check your readiness and build confidence it helped me get the dan certificate and the premium plan is cheap and worth it the customer service is very fast and prompt responding to my email request to unlink device in just around two hours not mention on weekends,"['its', 'a', 'very', 'bagus', 'app', 'possible', 'to', 'make', 'a', 'roadmap', 'to', 'plan', 'your', 'daily', 'study', 'with', 'predetermined', 'goal', 'it', 'covers', 'all', 'aspect', 'of', 'jlpt', 'kanji', 'bunpou', 'goi', 'dokkai', 'choukai', 'and', 'the', 'mock', 'exam', 'helps', 'to', 'check', 'your', 'readiness', 'and', 'build', 'confidence', 'it', 'helped', 'me', 'get', 'the', 'dan', 'certificate', 'and', 'the', 'premium', 'plan', 'is', 'cheap', 'and', 'worth', 'it', 'the', 'customer', 'service', 'is', 'very', 'fast', 'and', 'prompt', 'responding', 'to', 'my', 'email', 'request', 'to', 'unlink', 'device', 'in', 'just', 'around', 'two', 'hours', 'not', 'mention', 'on', 'weekends']","['its', 'a', 'very', 'bagus', 'app', 'possible', 'to', 'make', 'a', 'roadmap', 'to', 'plan', 'your', 'daily', 'study', 'with', 'predetermined', 'goal', 'it', 'covers', 'all', 'aspect', 'of', 'jlpt', 'kanji', 'bunpou', 'goi', 'dokkai', 'choukai', 'and', 'the', 'mock', 'exam', 'helps', 'to', 'check', 'your', 'readiness', 'and', 'build', 'confidence', 'it', 'helped', 'me', 'get', 'the', 'dan', 'certificate', 'and', 'the', 'premium', 'plan', 'is', 'cheap', 'and', 'worth', 'it', 'the', 'customer', 'service', 'is', 'very', 'fast', 'and', 'prompt', 'responding', 'to', 'my', 'email', 'request', 'to', 'unlink', 'device', 'in', 'just', 'around', 'two', 'hours', 'not', 'mention', 'on', 'weekends']","['bagus', 'app', 'possible', 'make', 'roadmap', 'plan', 'daily', 'study', 'predetermined', 'goal', 'covers', 'aspect', 'jlpt', 'kanji', 'bunpou', 'goi', 'dokkai', 'choukai', 'mock', 'exam', 'helps', 'check', 'readiness', 'build', 'confidence', 'helped', 'get', 'certificate', 'premium', 'plan', 'cheap', 'worth', 'customer', 'service', 'fast', 'prompt', 'responding', 'email', 'request', 'unlink', 'device', 'around', 'two', 'hours', 'mention', 'weekends']",bagus app possible make roadmap plan daily study predetermined goal covers aspect jlpt kanji bunpou goi dokkai choukai mock exam helps check readiness build confidence helped get certificate premium plan cheap worth customer service fast prompt responding email request unlink device around two hours mention weekends,bagus app possible make roadmap plan daily study predetermined goal covers aspect jlpt kanji bunpou goi dokkai choukai mock exam helps check readiness build confidence helped get certificate premium plan cheap worth customer service fast prompt responding email request unlink device around two hours mention weekends,"bunpou,kanji",positive
"sangat bagus buat me-review ulang kanji, kosakata dan latihan JLPT",sangat bagus buat mereview ulang kanji kosakata dan latihan JLPT,sangat bagus buat mereview ulang kanji kosakata dan latihan jlpt,sangat bagus buat mereview ulang kanji kosakata dan latihan jlpt,sangat bagus buat mereview ulang kanji kosakata dan latihan jlpt,"['sangat', 'bagus', 'buat', 'mereview', 'ulang', 'kanji', 'kosakata', 'dan', 'latihan', 'jlpt']","['sangat', 'bagus', 'buat', 'mereview', 'ulang', 'kanji', 'kosakata', 'dan', 'latihan', 'jlpt']","['bagus', 'mereview', 'ulang', 'kanji', 'kosakata', 'latihan', 'jlpt']",bagus mereview ulang kanji kosakata latihan jlpt,bagus mereview ulang kanji kosakata latih jlpt,"kanji,kotoba",positive
"pas ngga premium sih bagus, tapi kok pas nyoba premium banyak kotoba yang artinya ngga sesuai. kadang ada juga yang ngga diterjemahin, tolong diperbaiki juga sistemnya",pas ngga premium sih bagus tapi kok pas nyoba premium banyak kotoba yang artinya ngga sesuai kadang ada juga yang ngga diterjemahin tolong diperbaiki juga sistemnya,pas ngga premium sih bagus tapi kok pas nyoba premium banyak kotoba yang artinya ngga sesuai kadang ada juga yang ngga diterjemahin tolong diperbaiki juga sistemnya,pas ngga premium sih bagus kok pas nyoba premium banyak kotoba yang artinya ngga sesuai kadang ada juga yang ngga diterjemahin tolong diperbaiki juga sistemnya,pas tidak premium sih bagus kok pas nyoba premium banyak kotoba yang artinya tidak sesuai kadang ada juga yang tidak diterjemahin tolong diperbaiki juga sistemnya,"['pas', 'tidak', 'premium', 'sih', 'bagus', 'kok', 'pas', 'nyoba', 'premium', 'banyak', 'kotoba', 'yang', 'artinya', 'tidak', 'sesuai', 'kadang', 'ada', 'juga', 'yang', 'tidak', 'diterjemahin', 'tolong', 'diperbaiki', 'juga', 'sistemnya']","['pas', 'tidak', 'premium', 'sih', 'bagus', 'kok', 'pas', 'nyoba', 'premium', 'banyak', 'kotoba', 'yang', 'artinya', 'tidak', 'sesuai', 'kadang', 'ada', 'juga', 'yang', 'tidak', 'diterjemahin', 'tolong', 'diperbaiki', 'juga', 'sistemnya']","['pas', 'premium', 'bagus', 'pas', 'nyoba', 'premium', 'kotoba', 'sesuai', 'kadang', 'diterjemahin', 'tolong', 'diperbaiki', 'sistemnya']",pas premium bagus pas nyoba premium kotoba sesuai kadang diterjemahin tolong diperbaiki sistemnya,pas premium bagus pas nyoba premium kotoba sesuai kadang diterjemahin tolong baik sistem,kotoba,positive
"Tolong perbaiki arti dari kosakatanya, terkadang ada arti yang tidak muncul dan salah",Tolong perbaiki arti dari kosakatanya terkadang ada arti yang tidak muncul dan salah,tolong perbaiki arti dari kosakatanya terkadang ada arti yang tidak muncul dan salah,tolong perbaiki arti dari kosakatanya terkadang ada arti yang tidak muncul dan salah,tolong perbaiki arti dari kosakatanya terkadang ada arti yang tidak muncul dan salah,"['tolong', 'perbaiki', 'arti', 'dari', 'kosakatanya', 'terkadang', 'ada', 'arti', 'yang', 'tidak', 'muncul', 'dan', 'salah']","['tolong', 'perbaiki', 'arti', 'dari', 'kosakatanya', 'terkadang', 'ada', 'arti', 'yang', 'tidak', 'muncul', 'dan', 'salah']","['tolong', 'perbaiki', 'arti', 'kosakatanya', 'terkadang', 'arti', 'muncul', 'salah']",tolong perbaiki arti kosakatanya terkadang arti muncul salah,tolong baik arti kosakata terkadang arti muncul salah,kotoba,positive
"Saya harap ada lebih banyak dan beragam pada bagian teori, seperti contoh kalimat pada seksi kanji atau tata bahasa.. untuk sekarang seksi teori terkesan sedikit dan kurang lengkap, juga ada banyak contoh kalimat yang berulang terutama di seksi kanji..",Saya harap ada lebih banyak dan beragam pada bagian teori seperti contoh kalimat pada seksi kanji atau tata bahasa untuk sekarang seksi teori terkesan sedikit dan kurang lengkap juga ada banyak contoh kalimat yang berulang terutama di seksi kanji,saya harap ada lebih banyak dan beragam pada bagian teori seperti contoh kalimat pada seksi kanji atau tata bahasa untuk sekarang seksi teori terkesan sedikit dan kurang lengkap juga ada banyak contoh kalimat yang berulang terutama di seksi kanji,saya harap ada lebih banyak dan beragam pada bagian teori seperti contoh kalimat pada seksi kanji atau tata bahasa untuk sekarang seksi teori terkesan sedikit dan kurang lengkap juga ada banyak contoh kalimat yang berulang terutama di seksi kanji,saya harap ada lebih banyak dan beragam pada bagian teori seperti contoh kalimat pada seksi kanji atau tata bahasa untuk sekarang seksi teori terkesan sedikit dan kurang lengkap juga ada banyak contoh kalimat yang berulang terutama di seksi kanji,"['saya', 'harap', 'ada', 'lebih', 'banyak', 'dan', 'beragam', 'pada', 'bagian', 'teori', 'seperti', 'contoh', 'kalimat', 'pada', 'seksi', 'kanji', 'atau', 'tata', 'bahasa', 'untuk', 'sekarang', 'seksi', 'teori', 'terkesan', 'sedikit', 'dan', 'kurang', 'lengkap', 'juga', 'ada', 'banyak', 'contoh', 'kalimat', 'yang', 'berulang', 'terutama', 'di', 'seksi', 'kanji']","['saya', 'harap', 'ada', 'lebih', 'banyak', 'dan', 'beragam', 'pada', 'bagian', 'teori', 'seperti', 'contoh', 'kalimat', 'pada', 'seksi', 'kanji', 'atau', 'tata', 'bahasa', 'untuk', 'sekarang', 'seksi', 'teori', 'terkesan', 'sedikit', 'dan', 'kurang', 'lengkap', 'juga', 'ada', 'banyak', 'contoh', 'kalimat', 'yang', 'berulang', 'terutama', 'di', 'seksi', 'kanji']","['harap', 'beragam', 'teori', 'contoh', 'kalimat', 'seksi', 'kanji', 'tata', 'bahasa', 'seksi', 'teori', 'terkesan', 'lengkap', 'contoh', 'kalimat', 'berulang', 'seksi', 'kanji']",harap beragam teori contoh kalimat seksi kanji tata bahasa seksi teori terkesan lengkap contoh kalimat berulang seksi kanji,harap agam teori contoh kalimat seksi kanji tata bahasa seksi teori kes lengkap contoh kalimat ulang seksi kanji,"bunpou,kanji",positive
"sangat membantu bagi pemula yang sedang belajar kanji,semoga bermanfaat",sangat membantu bagi pemula yang sedang belajar kanjisemoga bermanfaat,sangat membantu bagi pemula yang sedang belajar kanjisemoga bermanfaat,sangat membantu bagi pemula yang sedang belajar kanjisemoga bermanfaat,sangat membantu bagi pemula yang sedang belajar kanjisemoga bermanfaat,"['sangat', 'membantu', 'bagi', 'pemula', 'yang', 'sedang', 'belajar', 'kanjisemoga', 'bermanfaat']","['sangat', 'membantu', 'bagi', 'pemula', 'yang', 'sedang', 'belajar', 'kanjisemoga', 'bermanfaat']","['membantu', 'pemula', 'belajar', 'kanjisemoga', 'bermanfaat']",membantu pemula belajar kanjisemoga bermanfaat,bantu mula ajar kanjisemoga manfaat,kanji,positive
enak buat belajar kanji,enak buat belajar kanji,enak buat belajar kanji,enak buat belajar kanji,enak buat belajar kanji,"['enak', 'buat', 'belajar', 'kanji']","['enak', 'buat', 'belajar', 'kanji']","['enak', 'belajar', 'kanji']",enak belajar kanji,enak ajar kanji,kanji,positive
enak banget buat ngapalin kanji,enak banget buat ngapalin kanji,enak banget buat ngapalin kanji,enak banget buat ngapalin kanji,enak banget buat ngapalin kanji,"['enak', 'banget', 'buat', 'ngapalin', 'kanji']","['enak', 'banget', 'buat', 'ngapalin', 'kanji']","['enak', 'banget', 'ngapalin', 'kanji']",enak banget ngapalin kanji,enak banget ngapalin kanji,kanji,positive
sangat membantu untuk bljr kanjii ğŸ¤©,sangat membantu untuk bljr kanjii,sangat membantu untuk bljr kanjii,sangat membantu untuk bljr kanjii,sangat membantu untuk bljr kanjii,"['sangat', 'membantu', 'untuk', 'bljr', 'kanjii']","['sangat', 'membantu', 'untuk', 'bljr', 'kanjii']","['membantu', 'bljr', 'kanjii']",membantu bljr kanjii,bantu bljr kanji,kanji,positive
"ada kanji, kosa kata, kalimat. bahkan ada contoh dan penjelasannya (walaupun masih bahasa inggris walaupun makek bahasa indo). ada latihan soal dan latihan test jlpt. kalau belajar ada kanji yang tidak tahu bisa dipencet dan keluar artinya. MANTAP",ada kanji kosa kata kalimat bahkan ada contoh dan penjelasannya walaupun masih bahasa inggris walaupun makek bahasa indo ada latihan soal dan latihan test jlpt kalau belajar ada kanji yang tidak tahu bisa dipencet dan keluar artinya MANTAP,ada kanji kosa kata kalimat bahkan ada contoh dan penjelasannya walaupun masih bahasa inggris walaupun makek bahasa indo ada latihan soal dan latihan test jlpt kalau belajar ada kanji yang tidak tahu bisa dipencet dan keluar artinya mantap,ada kanji kosa kata kalimat bahkan ada contoh dan penjelasannya masih bahasa inggris makek bahasa indo ada latihan soal dan latihan test jlpt kalau belajar ada kanji yang tidak tahu bisa dipencet dan keluar artinya mantap,ada kanji kosa kata kalimat bahkan ada contoh dan penjelasannya masih bahasa inggris makek bahasa indo ada latihan soal dan latihan test jlpt kalau belajar ada kanji yang tidak tahu bisa dipencet dan keluar artinya mantap,"['ada', 'kanji', 'kosa', 'kata', 'kalimat', 'bahkan', 'ada', 'contoh', 'dan', 'penjelasannya', 'masih', 'bahasa', 'inggris', 'makek', 'bahasa', 'indo', 'ada', 'latihan', 'soal', 'dan', 'latihan', 'test', 'jlpt', 'kalau', 'belajar', 'ada', 'kanji', 'yang', 'tidak', 'tahu', 'bisa', 'dipencet', 'dan', 'keluar', 'artinya', 'mantap']","['ada', 'kanji', 'kosa', 'kata', 'kalimat', 'bahkan', 'ada', 'contoh', 'dan', 'penjelasannya', 'masih', 'bahasa', 'inggris', 'makek', 'bahasa', 'indo', 'ada', 'latihan', 'soal', 'dan', 'latihan', 'test', 'jlpt', 'kalau', 'belajar', 'ada', 'kanji', 'yang', 'tidak', 'tahu', 'bisa', 'dipencet', 'dan', 'keluar', 'artinya', 'mantap']","['kanji', 'kosa', 'kalimat', 'contoh', 'penjelasannya', 'bahasa', 'inggris', 'makek', 'bahasa', 'indo', 'latihan', 'latihan', 'test', 'jlpt', 'belajar', 'kanji', 'dipencet', 'mantap']",kanji kosa kalimat contoh penjelasannya bahasa inggris makek bahasa indo latihan latihan test jlpt belajar kanji dipencet mantap,kanji kosa kalimat contoh jelas bahasa inggris makek bahasa indo latih latih test jlpt ajar kanji pencet mantap,"bunpou,kanji",positive
untuk aplikasi ini bagi saya sangat membantu saya untuk lebih memahami bunpou bunpou jlpt. yang paling saya sukai dari aplikasi ini saat kita selesai mengerjakan kan soalnya kita bisa bahas ulang yg kita kerjakan untuk saat ini saya beri 5 bintang,untuk aplikasi ini bagi saya sangat membantu saya untuk lebih memahami bunpou bunpou jlpt yang paling saya sukai dari aplikasi ini saat kita selesai mengerjakan kan soalnya kita bisa bahas ulang yg kita kerjakan untuk saat ini saya beri  bintang,untuk aplikasi ini bagi saya sangat membantu saya untuk lebih memahami bunpou bunpou jlpt yang paling saya sukai dari aplikasi ini saat kita selesai mengerjakan kan soalnya kita bisa bahas ulang yg kita kerjakan untuk saat ini saya beri  bintang,untuk aplikasi ini bagi saya sangat membantu saya untuk lebih memahami bunpou bunpou jlpt yang paling saya sukai dari aplikasi ini saat kita selesai mengerjakan kan soalnya kita bisa bahas ulang yg kita kerjakan untuk saat ini saya beri  bintang,untuk aplikasi ini bagi saya sangat membantu saya untuk lebih memahami bunpou bunpou jlpt yang paling saya sukai dari aplikasi ini saat kita selesai mengerjakan kan soalnya kita bisa bahas ulang yang kita kerjakan untuk saat ini saya beri bintang,"['untuk', 'aplikasi', 'ini', 'bagi', 'saya', 'sangat', 'membantu', 'saya', 'untuk', 'lebih', 'memahami', 'bunpou', 'bunpou', 'jlpt', 'yang', 'paling', 'saya', 'sukai', 'dari', 'aplikasi', 'ini', 'saat', 'kita', 'selesai', 'mengerjakan', 'kan', 'soalnya', 'kita', 'bisa', 'bahas', 'ulang', 'yang', 'kita', 'kerjakan', 'untuk', 'saat', 'ini', 'saya', 'beri', 'bintang']","['untuk', 'aplikasi', 'ini', 'bagi', 'saya', 'sangat', 'membantu', 'saya', 'untuk', 'lebih', 'memahami', 'bunpou', 'bunpou', 'jlpt', 'yang', 'paling', 'saya', 'sukai', 'dari', 'aplikasi', 'ini', 'saat', 'kita', 'selesai', 'mengerjakan', 'kan', 'soalnya', 'kita', 'bisa', 'bahas', 'ulang', 'yang', 'kita', 'kerjakan', 'untuk', 'saat', 'ini', 'saya', 'beri', 'bintang']","['aplikasi', 'membantu', 'memahami', 'bunpou', 'bunpou', 'jlpt', 'sukai', 'aplikasi', 'selesai', 'bahas', 'ulang', 'kerjakan', 'bintang']",aplikasi membantu memahami bunpou bunpou jlpt sukai aplikasi selesai bahas ulang kerjakan bintang,aplikasi bantu paham bunpou bunpou jlpt suka aplikasi selesai bahas ulang kerja bintang,bunpou,positive
Selamat malam saya ingin bertanya saya sedang mempelajari teori di apk . Tapi terkendala pada tata bahasa yang mengunakan bahasa inggris padahal saya sudah mengubahnya pengaturan bahasa indonesia. Tolong di bantu selain itu yang lain sdh baik karena mengunakan bahasa Indonesia kecuali tata bahasa,Selamat malam saya ingin bertanya saya sedang mempelajari teori di apk  Tapi terkendala pada tata bahasa yang mengunakan bahasa inggris padahal saya sudah mengubahnya pengaturan bahasa indonesia Tolong di bantu selain itu yang lain sdh baik karena mengunakan bahasa Indonesia kecuali tata bahasa,selamat malam saya ingin bertanya saya sedang mempelajari teori di apk  tapi terkendala pada tata bahasa yang mengunakan bahasa inggris padahal saya sudah mengubahnya pengaturan bahasa indonesia tolong di bantu selain itu yang lain sdh baik karena mengunakan bahasa indonesia kecuali tata bahasa,selamat malam saya ingin bertanya saya sedang mempelajari teori di apk terkendala pada tata bahasa yang mengunakan bahasa inggris padahal saya sudah mengubahnya pengaturan bahasa indonesia tolong di bantu selain itu yang lain sdh baik karena mengunakan bahasa indonesia kecuali tata bahasa,selamat malam saya ingin bertanya saya sedang mempelajari teori di apk terkendala pada tata bahasa yang mengunakan bahasa inggris padahal saya sudah mengubahnya pengaturan bahasa indonesia tolong di bantu selain itu yang lain sudah baik karena mengunakan bahasa indonesia kecuali tata bahasa,"['selamat', 'malam', 'saya', 'ingin', 'bertanya', 'saya', 'sedang', 'mempelajari', 'teori', 'di', 'apk', 'terkendala', 'pada', 'tata', 'bahasa', 'yang', 'mengunakan', 'bahasa', 'inggris', 'padahal', 'saya', 'sudah', 'mengubahnya', 'pengaturan', 'bahasa', 'indonesia', 'tolong', 'di', 'bantu', 'selain', 'itu', 'yang', 'lain', 'sudah', 'baik', 'karena', 'mengunakan', 'bahasa', 'indonesia', 'kecuali', 'tata', 'bahasa']","['selamat', 'malam', 'saya', 'ingin', 'bertanya', 'saya', 'sedang', 'mempelajari', 'teori', 'di', 'apk', 'terkendala', 'pada', 'tata', 'bahasa', 'yang', 'mengunakan', 'bahasa', 'inggris', 'padahal', 'saya', 'sudah', 'mengubahnya', 'pengaturan', 'bahasa', 'indonesia', 'tolong', 'di', 'bantu', 'selain', 'itu', 'yang', 'lain', 'sudah', 'baik', 'karena', 'mengunakan', 'bahasa', 'indonesia', 'kecuali', 'tata', 'bahasa']","['selamat', 'malam', 'mempelajari', 'teori', 'apk', 'terkendala', 'tata', 'bahasa', 'mengunakan', 'bahasa', 'inggris', 'mengubahnya', 'pengaturan', 'bahasa', 'indonesia', 'tolong', 'bantu', 'baik', 'mengunakan', 'bahasa', 'indonesia', 'kecuali', 'tata', 'bahasa']",selamat malam mempelajari teori apk terkendala tata bahasa mengunakan bahasa inggris mengubahnya pengaturan bahasa indonesia tolong bantu baik mengunakan bahasa indonesia kecuali tata bahasa,selamat malam ajar teori apk kendala tata bahasa mengunakan bahasa inggris ubah atur bahasa indonesia tolong bantu baik mengunakan bahasa indonesia kecuali tata bahasa,bunpou,positive
Kalau bisa ada fitur buat ganti kanji nya jadi hiragana/katakana,Kalau bisa ada fitur buat ganti kanji nya jadi hiraganakatakana,kalau bisa ada fitur buat ganti kanji nya jadi hiraganakatakana,kalau bisa ada fitur buat ganti kanji nya jadi hiraganakatakana,kalau bisa ada fitur buat ganti kanji nya jadi hiraganakatakana,"['kalau', 'bisa', 'ada', 'fitur', 'buat', 'ganti', 'kanji', 'nya', 'jadi', 'hiraganakatakana']","['kalau', 'bisa', 'ada', 'fitur', 'buat', 'ganti', 'kanji', 'nya', 'jadi', 'hiraganakatakana']","['fitur', 'ganti', 'kanji', 'hiraganakatakana']",fitur ganti kanji hiraganakatakana,fitur ganti kanji hiraganakatakana,"kanji,kotoba",positive
Ada beberapa penulisan hiraga/katakana yang tidak sesuai dengan kanji nya dan juga arti kata yang masih kaku,Ada beberapa penulisan hiragakatakana yang tidak sesuai dengan kanji nya dan juga arti kata yang masih kaku,ada beberapa penulisan hiragakatakana yang tidak sesuai dengan kanji nya dan juga arti kata yang masih kaku,ada beberapa penulisan hiragakatakana yang tidak sesuai dengan kanji nya dan juga arti kata yang masih kaku,ada beberapa penulisan hiragakatakana yang tidak sesuai dengan kanji nya dan juga arti kata yang masih kaku,"['ada', 'beberapa', 'penulisan', 'hiragakatakana', 'yang', 'tidak', 'sesuai', 'dengan', 'kanji', 'nya', 'dan', 'juga', 'arti', 'kata', 'yang', 'masih', 'kaku']","['ada', 'beberapa', 'penulisan', 'hiragakatakana', 'yang', 'tidak', 'sesuai', 'dengan', 'kanji', 'nya', 'dan', 'juga', 'arti', 'kata', 'yang', 'masih', 'kaku']","['penulisan', 'hiragakatakana', 'sesuai', 'kanji', 'arti', 'kaku']",penulisan hiragakatakana sesuai kanji arti kaku,tulis hiragakatakana sesuai kanji arti kaku,"kanji,kotoba",positive
"sangat bermanfaat buat belajar dan ujian jft N4 memahami kanji ,, Arigatou gozaimasu!",sangat bermanfaat buat belajar dan ujian jft N memahami kanji  Arigatou gozaimasu,sangat bermanfaat buat belajar dan ujian jft n memahami kanji  arigatou gozaimasu,sangat bermanfaat buat belajar dan ujian jft n memahami kanji  arigatou gozaimasu,sangat bermanfaat buat belajar dan ujian jft dan memahami kanji arigatou gozaimasu,"['sangat', 'bermanfaat', 'buat', 'belajar', 'dan', 'ujian', 'jft', 'dan', 'memahami', 'kanji', 'arigatou', 'gozaimasu']","['sangat', 'bermanfaat', 'buat', 'belajar', 'dan', 'ujian', 'jft', 'dan', 'memahami', 'kanji', 'terima kasih', 'gozaimasu']","['bermanfaat', 'belajar', 'ujian', 'jft', 'memahami', 'kanji', 'terima kasih', 'gozaimasu']",bermanfaat belajar ujian jft memahami kanji terima kasih gozaimasu,manfaat ajar uji jft paham kanji terima kasih gozaimasu,kanji,positive
Saya lebih suka fitur sebelum update karena ada penjelasan tentang kanjinya dari pada setelah update,Saya lebih suka fitur sebelum update karena ada penjelasan tentang kanjinya dari pada setelah update,saya lebih suka fitur sebelum update karena ada penjelasan tentang kanjinya dari pada setelah update,saya lebih suka fitur sebelum update karena ada penjelasan tentang kanjinya dari pada setelah update,saya lebih suka fitur sebelum update karena ada penjelasan tentang kanjinya dari pada setelah update,"['saya', 'lebih', 'suka', 'fitur', 'sebelum', 'update', 'karena', 'ada', 'penjelasan', 'tentang', 'kanjinya', 'dari', 'pada', 'setelah', 'update']","['saya', 'lebih', 'suka', 'fitur', 'sebelum', 'update', 'karena', 'ada', 'penjelasan', 'tentang', 'kanjinya', 'dari', 'pada', 'setelah', 'update']","['suka', 'fitur', 'update', 'penjelasan', 'kanjinya', 'update']",suka fitur update penjelasan kanjinya update,suka fitur update jelas kanji update,kanji,positive
bagus untuk pembelajaran kosa kata dan kanji Jepang n4,bagus untuk pembelajaran kosa kata dan kanji Jepang n,bagus untuk pembelajaran kosa kata dan kanji jepang n,bagus untuk pembelajaran kosa kata dan kanji jepang n,bagus untuk pembelajaran kosa kata dan kanji jepang dan,"['bagus', 'untuk', 'pembelajaran', 'kosa', 'kata', 'dan', 'kanji', 'jepang', 'dan']","['bagus', 'untuk', 'pembelajaran', 'kosa', 'kata', 'dan', 'kanji', 'jepang', 'dan']","['bagus', 'pembelajaran', 'kosa', 'kanji', 'jepang']",bagus pembelajaran kosa kanji jepang,bagus ajar kosa kanji jepang,kanji,positive
"Sugoii, cocok banget buat menguji kemampuan kita untuk paham kosakata huruf bhs japan, intinya arigatou gozaimasu, sudah membuat appk yang sangat baik iniğŸ˜â˜ºğŸ˜‡",Sugoii cocok banget buat menguji kemampuan kita untuk paham kosakata huruf bhs japan intinya arigatou gozaimasu sudah membuat appk yang sangat baik ini,sugoii cocok banget buat menguji kemampuan kita untuk paham kosakata huruf bhs japan intinya arigatou gozaimasu sudah membuat appk yang sangat baik ini,sugoii cocok banget buat menguji kemampuan kita untuk paham kosakata huruf bhs japan intinya arigatou gozaimasu sudah membuat appk yang sangat baik ini,sugoii cocok banget buat menguji kemampuan kita untuk paham kosakata huruf bhs japan intinya arigatou gozaimasu sudah membuat appk yang sangat baik ini,"['sugoii', 'cocok', 'banget', 'buat', 'menguji', 'kemampuan', 'kita', 'untuk', 'paham', 'kosakata', 'huruf', 'bhs', 'japan', 'intinya', 'arigatou', 'gozaimasu', 'sudah', 'membuat', 'appk', 'yang', 'sangat', 'baik', 'ini']","['sugoii', 'cocok', 'banget', 'buat', 'menguji', 'kemampuan', 'kita', 'untuk', 'paham', 'kosakata', 'huruf', 'bhs', 'japan', 'intinya', 'terima kasih', 'gozaimasu', 'sudah', 'membuat', 'appk', 'yang', 'sangat', 'baik', 'ini']","['sugoii', 'cocok', 'banget', 'menguji', 'kemampuan', 'paham', 'kosakata', 'huruf', 'bhs', 'japan', 'intinya', 'terima kasih', 'gozaimasu', 'appk', 'baik']",sugoii cocok banget menguji kemampuan paham kosakata huruf bhs japan intinya terima kasih gozaimasu appk baik,sugoii cocok banget uji mampu paham kosakata huruf bhs japan inti terima kasih gozaimasu appk baik,kotoba,positive
"Apk ini sangat membantu biar cepet hafal kanji,tpi banyak banget iklan,msa tiap ngerjain 1x langsung iklan lgi",Apk ini sangat membantu biar cepet hafal kanjitpi banyak banget iklanmsa tiap ngerjain x langsung iklan lgi,apk ini sangat membantu biar cepet hafal kanjitpi banyak banget iklanmsa tiap ngerjain x langsung iklan lgi,apk ini sangat membantu biar cepet hafal kanjitpi banyak banget iklanmsa tiap ngerjain x langsung iklan lgi,apk ini sangat membantu biar cepat hafal kanjitpi banyak banget iklanmsa tiap ngerjain x langsung iklan lagi,"['apk', 'ini', 'sangat', 'membantu', 'biar', 'cepat', 'hafal', 'kanjitpi', 'banyak', 'banget', 'iklanmsa', 'tiap', 'ngerjain', 'x', 'langsung', 'iklan', 'lagi']","['apk', 'ini', 'sangat', 'membantu', 'biar', 'cepat', 'hafal', 'kanjitpi', 'banyak', 'banget', 'iklanmsa', 'tiap', 'ngerjain', 'x', 'langsung', 'iklan', 'lagi']","['apk', 'membantu', 'biar', 'cepat', 'hafal', 'kanjitpi', 'banget', 'iklanmsa', 'ngerjain', 'x', 'langsung', 'iklan']",apk membantu biar cepat hafal kanjitpi banget iklanmsa ngerjain x langsung iklan,apk bantu biar cepat hafal kanjitpi banget iklanmsa ngerjain x langsung iklan,kanji,positive
sangat membantu untuk belajar kanji,sangat membantu untuk belajar kanji,sangat membantu untuk belajar kanji,sangat membantu untuk belajar kanji,sangat membantu untuk belajar kanji,"['sangat', 'membantu', 'untuk', 'belajar', 'kanji']","['sangat', 'membantu', 'untuk', 'belajar', 'kanji']","['membantu', 'belajar', 'kanji']",membantu belajar kanji,bantu ajar kanji,kanji,positive
"sangat memuaskan, semoga cepat bisa berbahasa jepang dengan lancar dan hafal kanji.. amin",sangat memuaskan semoga cepat bisa berbahasa jepang dengan lancar dan hafal kanji amin,sangat memuaskan semoga cepat bisa berbahasa jepang dengan lancar dan hafal kanji amin,sangat memuaskan semoga cepat bisa berbahasa jepang dengan lancar dan hafal kanji amin,sangat memuaskan semoga cepat bisa berbahasa jepang dengan lancar dan hafal kanji amin,"['sangat', 'memuaskan', 'semoga', 'cepat', 'bisa', 'berbahasa', 'jepang', 'dengan', 'lancar', 'dan', 'hafal', 'kanji', 'amin']","['sangat', 'memuaskan', 'semoga', 'cepat', 'bisa', 'berbahasa', 'jepang', 'dengan', 'lancar', 'dan', 'hafal', 'kanji', 'amin']","['memuaskan', 'semoga', 'cepat', 'berbahasa', 'jepang', 'lancar', 'hafal', 'kanji', 'amin']",memuaskan semoga cepat berbahasa jepang lancar hafal kanji amin,muas moga cepat bahasa jepang lancar hafal kanji amin,kanji,positive
"bagus buat latihan bahasa jepang, semoga kedepannya bisa lebih banyak fitur seperti kanji mana yang mau dilatih sama bisa ada list kanjinya",bagus buat latihan bahasa jepang semoga kedepannya bisa lebih banyak fitur seperti kanji mana yang mau dilatih sama bisa ada list kanjinya,bagus buat latihan bahasa jepang semoga kedepannya bisa lebih banyak fitur seperti kanji mana yang mau dilatih sama bisa ada list kanjinya,bagus buat latihan bahasa jepang semoga kedepannya bisa lebih banyak fitur seperti kanji mana yang mau dilatih sama bisa ada list kanjinya,bagus buat latihan bahasa jepang semoga kedepannya bisa lebih banyak fitur seperti kanji mana yang mau dilatih sama bisa ada list kanjinya,"['bagus', 'buat', 'latihan', 'bahasa', 'jepang', 'semoga', 'kedepannya', 'bisa', 'lebih', 'banyak', 'fitur', 'seperti', 'kanji', 'mana', 'yang', 'mau', 'dilatih', 'sama', 'bisa', 'ada', 'list', 'kanjinya']","['bagus', 'buat', 'latihan', 'bahasa', 'jepang', 'semoga', 'kedepannya', 'bisa', 'lebih', 'banyak', 'fitur', 'seperti', 'kanji', 'mana', 'yang', 'mau', 'dilatih', 'sama', 'bisa', 'ada', 'list', 'kanjinya']","['bagus', 'latihan', 'bahasa', 'jepang', 'semoga', 'kedepannya', 'fitur', 'kanji', 'dilatih', 'list', 'kanjinya']",bagus latihan bahasa jepang semoga kedepannya fitur kanji dilatih list kanjinya,bagus latih bahasa jepang moga depan fitur kanji latih list kanji,kanji,positive
"Aplikasi yg gw cariÂ² nih, ada penjelasan di setiap vocab nya.. bismillah Desember bisa lulus N3 ğŸ”¥",Aplikasi yg gw cari nih ada penjelasan di setiap vocab nya bismillah Desember bisa lulus N,aplikasi yg gw cari nih ada penjelasan di setiap vocab nya bismillah desember bisa lulus n,aplikasi yg gw cari nih ada penjelasan di setiap vocab nya bismillah desember bisa lulus n,aplikasi yang saya cari ini ada penjelasan di setiap vocab nya bismillah desember bisa lulus dan,"['aplikasi', 'yang', 'saya', 'cari', 'ini', 'ada', 'penjelasan', 'di', 'setiap', 'vocab', 'nya', 'bismillah', 'desember', 'bisa', 'lulus', 'dan']","['aplikasi', 'yang', 'saya', 'cari', 'ini', 'ada', 'penjelasan', 'di', 'setiap', 'vocab', 'nya', 'bismillah', 'desember', 'bisa', 'lulus', 'dan']","['aplikasi', 'cari', 'penjelasan', 'vocab', 'bismillah', 'desember', 'lulus']",aplikasi cari penjelasan vocab bismillah desember lulus,aplikasi cari jelas vocab bismillah desember lulus,kotoba,positive
