Review,text_clean,text_casefoldingText,text_final_splitted,text_slangwords,text_tokenizingText,text_normalized,text_stopword,text_sentenced,text_final_stemmed,fitur_terdeteksi
"Materi sangat bervariasi dalam satu aplikasi, mulai dari budaya, kanji, kosakata dsb. Jadi gak ribet pindah aplikasi lain untuk ganti materi. Sudah tersedia dalam bahasa Indonesia juga. Namun masih perlu banyak perbaikan untuk terjemahannya. Tingkatkan terus! -GS2222",Materi sangat bervariasi dalam satu aplikasi mulai dari budaya kanji kosakata dsb Jadi gak ribet pindah aplikasi lain untuk ganti materi Sudah tersedia dalam bahasa Indonesia juga Namun masih perlu banyak perbaikan untuk terjemahannya Tingkatkan terus GS,materi sangat bervariasi dalam satu aplikasi mulai dari budaya kanji kosakata dsb jadi gak ribet pindah aplikasi lain untuk ganti materi sudah tersedia dalam bahasa indonesia juga namun masih perlu banyak perbaikan untuk terjemahannya tingkatkan terus gs,materi sangat bervariasi dalam satu aplikasi mulai dari budaya kanji kosakata dsb jadi gak ribet pindah aplikasi lain untuk ganti materi sudah tersedia dalam bahasa indonesia juga masih perlu banyak perbaikan untuk terjemahannya tingkatkan terus gs,materi sangat bervariasi dalam satu aplikasi mulai dari budaya kanji kosakata dan sebagainya jadi tidak ribet pindah aplikasi lain untuk ganti materi sudah tersedia dalam bahasa indonesia juga masih perlu banyak perbaikan untuk terjemahannya tingkatkan terus gs,"['materi', 'sangat', 'bervariasi', 'dalam', 'satu', 'aplikasi', 'mulai', 'dari', 'budaya', 'kanji', 'kosakata', 'dan', 'sebagainya', 'jadi', 'tidak', 'ribet', 'pindah', 'aplikasi', 'lain', 'untuk', 'ganti', 'materi', 'sudah', 'tersedia', 'dalam', 'bahasa', 'indonesia', 'juga', 'masih', 'perlu', 'banyak', 'perbaikan', 'untuk', 'terjemahannya', 'tingkatkan', 'terus', 'gs']","['materi', 'sangat', 'bervariasi', 'dalam', 'satu', 'aplikasi', 'mulai', 'dari', 'budaya', 'kanji', 'kosakata', 'dan', 'sebagainya', 'jadi', 'tidak', 'ribet', 'pindah', 'aplikasi', 'lain', 'untuk', 'ganti', 'materi', 'sudah', 'tersedia', 'dalam', 'bahasa', 'indonesia', 'juga', 'masih', 'perlu', 'banyak', 'perbaikan', 'untuk', 'terjemahannya', 'tingkatkan', 'terus', 'gs']","['materi', 'bervariasi', 'aplikasi', 'budaya', 'kanji', 'kosakata', 'ribet', 'pindah', 'aplikasi', 'ganti', 'materi', 'tersedia', 'bahasa', 'indonesia', 'perbaikan', 'terjemahannya', 'tingkatkan', 'gs']",materi bervariasi aplikasi budaya kanji kosakata ribet pindah aplikasi ganti materi tersedia bahasa indonesia perbaikan terjemahannya tingkatkan gs,materi variasi aplikasi budaya kanji kosakata ribet pindah aplikasi ganti materi sedia bahasa indonesia baik terjemah tingkat gs,"kanji,kotoba"
"Pertama, versi bahasa Indonesianya baku tapi gak norak. Salah satu fitur di dalam aplikasi ini bisa kita dijadikan salah satu rujukan kalau kita sedang/ingin berlibur ke Jepang. Fitur lainnya yaitu berupa materi yang terpecerinci dan dilengkapi dengan teks percakapan, tabel, dan gambar visual. Kanjinya bisa diklik kalau ada yang tidak dipahami, nanti diarahkan ke penjelasan. Selain itu, ada modul yang full berbahasa Jepang (ada hiragananya) disertai audio dan penerjemahan per kalimat/kata.",Pertama versi bahasa Indonesianya baku tapi gak norak Salah satu fitur di dalam aplikasi ini bisa kita dijadikan salah satu rujukan kalau kita sedangingin berlibur ke Jepang Fitur lainnya yaitu berupa materi yang terpecerinci dan dilengkapi dengan teks percakapan tabel dan gambar visual Kanjinya bisa diklik kalau ada yang tidak dipahami nanti diarahkan ke penjelasan Selain itu ada modul yang full berbahasa Jepang ada hiragananya disertai audio dan penerjemahan per kalimatkata,pertama versi bahasa indonesianya baku tapi gak norak salah satu fitur di dalam aplikasi ini bisa kita dijadikan salah satu rujukan kalau kita sedangingin berlibur ke jepang fitur lainnya yaitu berupa materi yang terpecerinci dan dilengkapi dengan teks percakapan tabel dan gambar visual kanjinya bisa diklik kalau ada yang tidak dipahami nanti diarahkan ke penjelasan selain itu ada modul yang full berbahasa jepang ada hiragananya disertai audio dan penerjemahan per kalimatkata,pertama versi bahasa indonesianya baku gak norak salah satu fitur di dalam aplikasi ini bisa kita dijadikan salah satu rujukan kalau kita sedangingin berlibur ke jepang fitur lainnya yaitu berupa materi yang terpecerinci dan dilengkapi dengan teks percakapan tabel dan gambar visual kanjinya bisa diklik kalau ada yang tidak dipahami nanti diarahkan ke penjelasan selain itu ada modul yang full berbahasa jepang ada hiragananya di i audio dan penerjemahan per kalimatkata,pertama versi bahasa indonesianya baku tidak norak salah satu fitur di dalam aplikasi ini bisa kita dijadikan salah satu rujukan kalau kita sedangingin berlibur ke jepang fitur lainnya yaitu berupa materi yang terpecerinci dan dilengkapi dengan teks percakapan tabel dan gambar visual kanjinya bisa diklik kalau ada yang tidak dipahami nanti diarahkan ke penjelasan selain itu ada modul yang full berbahasa jepang ada hiragananya di i audio dan penerjemahan per kalimatkata,"['pertama', 'versi', 'bahasa', 'indonesianya', 'baku', 'tidak', 'norak', 'salah', 'satu', 'fitur', 'di', 'dalam', 'aplikasi', 'ini', 'bisa', 'kita', 'dijadikan', 'salah', 'satu', 'rujukan', 'kalau', 'kita', 'sedangingin', 'berlibur', 'ke', 'jepang', 'fitur', 'lainnya', 'yaitu', 'berupa', 'materi', 'yang', 'terpecerinci', 'dan', 'dilengkapi', 'dengan', 'teks', 'percakapan', 'tabel', 'dan', 'gambar', 'visual', 'kanjinya', 'bisa', 'diklik', 'kalau', 'ada', 'yang', 'tidak', 'dipahami', 'nanti', 'diarahkan', 'ke', 'penjelasan', 'selain', 'itu', 'ada', 'modul', 'yang', 'full', 'berbahasa', 'jepang', 'ada', 'hiragananya', 'di', 'i', 'audio', 'dan', 'penerjemahan', 'per', 'kalimatkata']","['pertama', 'versi', 'bahasa', 'indonesianya', 'baku', 'tidak', 'norak', 'salah', 'satu', 'fitur', 'di', 'dalam', 'aplikasi', 'ini', 'bisa', 'kita', 'dijadikan', 'salah', 'satu', 'rujukan', 'kalau', 'kita', 'sedangingin', 'berlibur', 'ke', 'jepang', 'fitur', 'lainnya', 'yaitu', 'berupa', 'materi', 'yang', 'terpecerinci', 'dan', 'dilengkapi', 'dengan', 'teks', 'percakapan', 'tabel', 'dan', 'gambar', 'visual', 'kanjinya', 'bisa', 'diklik', 'kalau', 'ada', 'yang', 'tidak', 'dipahami', 'nanti', 'diarahkan', 'ke', 'penjelasan', 'selain', 'itu', 'ada', 'modul', 'yang', 'full', 'berbahasa', 'jepang', 'ada', 'hiragananya', 'di', 'i', 'audio', 'dan', 'penerjemahan', 'per', 'kalimatkata']","['versi', 'bahasa', 'indonesianya', 'baku', 'norak', 'salah', 'fitur', 'aplikasi', 'dijadikan', 'salah', 'rujukan', 'sedangingin', 'berlibur', 'jepang', 'fitur', 'materi', 'terpecerinci', 'dilengkapi', 'teks', 'percakapan', 'tabel', 'gambar', 'visual', 'kanjinya', 'diklik', 'dipahami', 'diarahkan', 'penjelasan', 'modul', 'full', 'berbahasa', 'jepang', 'hiragananya', 'audio', 'penerjemahan', 'kalimatkata']",versi bahasa indonesianya baku norak salah fitur aplikasi dijadikan salah rujukan sedangingin berlibur jepang fitur materi terpecerinci dilengkapi teks percakapan tabel gambar visual kanjinya diklik dipahami diarahkan penjelasan modul full berbahasa jepang hiragananya audio penerjemahan kalimatkata,versi bahasa indonesia baku norak salah fitur aplikasi jadi salah rujuk sedangingin libur jepang fitur materi terpecerinci lengkap teks cakap tabel gambar visual kanji klik paham arah jelas modul full bahasa jepang hiragananya audio terjemah kalimatkata,"bunpou,kanji,kotoba"
"Aku sangat suka dan penjelasan dari contoh kalimat kalau ada yang tidak mengerti bisa di klik dan ada penjelasannya per kata dan dijelaskan juga partikelnya, tapi ada 1 yang aku nggk suka Kenapa translate bahasa Indonesia nya cuma sebagian saja padahal sebelum berlangganan aku sudah mulai suka dengan apk ini. Lengkap, mudah di pelajari dan penjelasanya Bahasa Indonesia. Dan setelah berlangganan yang di translate bahasa Indonesia malah cuma sebagian dan fitur yang gratis aja, tolong ya!!!",Aku sangat suka dan penjelasan dari contoh kalimat kalau ada yang tidak mengerti bisa di klik dan ada penjelasannya per kata dan dijelaskan juga partikelnya tapi ada  yang aku nggk suka Kenapa translate bahasa Indonesia nya cuma sebagian saja padahal sebelum berlangganan aku sudah mulai suka dengan apk ini Lengkap mudah di pelajari dan penjelasanya Bahasa Indonesia Dan setelah berlangganan yang di translate bahasa Indonesia malah cuma sebagian dan fitur yang gratis aja tolong ya,aku sangat suka dan penjelasan dari contoh kalimat kalau ada yang tidak mengerti bisa di klik dan ada penjelasannya per kata dan dijelaskan juga partikelnya tapi ada  yang aku nggk suka kenapa translate bahasa indonesia nya cuma sebagian saja padahal sebelum berlangganan aku sudah mulai suka dengan apk ini lengkap mudah di pelajari dan penjelasanya bahasa indonesia dan setelah berlangganan yang di translate bahasa indonesia malah cuma sebagian dan fitur yang gratis aja tolong ya,aku sangat suka dan penjelasan dari contoh kalimat kalau ada yang tidak mengerti bisa di klik dan ada penjelasannya per kata dan dijelaskan juga partikelnya ada  yang aku nggk suka kenapa translate bahasa indonesia nya cuma sebagian saja padahal sebelum berlangganan aku sudah mulai suka dengan apk ini lengkap mudah di pelajari dan penjelasanya bahasa indonesia dan setelah berlangganan yang di translate bahasa indonesia malah cuma sebagian dan fitur yang gratis aja tolong ya,aku sangat suka dan penjelasan dari contoh kalimat kalau ada yang tidak mengerti bisa di klik dan ada penjelasannya per kata dan dijelaskan juga partikelnya ada yang aku nggk suka kenapa translate bahasa indonesia nya cuma sebagian saja padahal sebelum berlangganan aku sudah mulai suka dengan apk ini lengkap mudah di pelajari dan penjelasanya bahasa indonesia dan setelah berlangganan yang di translate bahasa indonesia bahkan cuma sebagian dan fitur yang gratis saja tolong iya,"['aku', 'sangat', 'suka', 'dan', 'penjelasan', 'dari', 'contoh', 'kalimat', 'kalau', 'ada', 'yang', 'tidak', 'mengerti', 'bisa', 'di', 'klik', 'dan', 'ada', 'penjelasannya', 'per', 'kata', 'dan', 'dijelaskan', 'juga', 'partikelnya', 'ada', 'yang', 'aku', 'nggk', 'suka', 'kenapa', 'translate', 'bahasa', 'indonesia', 'nya', 'cuma', 'sebagian', 'saja', 'padahal', 'sebelum', 'berlangganan', 'aku', 'sudah', 'mulai', 'suka', 'dengan', 'apk', 'ini', 'lengkap', 'mudah', 'di', 'pelajari', 'dan', 'penjelasanya', 'bahasa', 'indonesia', 'dan', 'setelah', 'berlangganan', 'yang', 'di', 'translate', 'bahasa', 'indonesia', 'bahkan', 'cuma', 'sebagian', 'dan', 'fitur', 'yang', 'gratis', 'saja', 'tolong', 'iya']","['aku', 'sangat', 'suka', 'dan', 'penjelasan', 'dari', 'contoh', 'kalimat', 'kalau', 'ada', 'yang', 'tidak', 'mengerti', 'bisa', 'di', 'klik', 'dan', 'ada', 'penjelasannya', 'per', 'kata', 'dan', 'dijelaskan', 'juga', 'partikelnya', 'ada', 'yang', 'aku', 'nggk', 'suka', 'kenapa', 'translate', 'bahasa', 'indonesia', 'nya', 'cuma', 'sebagian', 'saja', 'padahal', 'sebelum', 'berlangganan', 'aku', 'sudah', 'mulai', 'suka', 'dengan', 'apk', 'ini', 'lengkap', 'mudah', 'di', 'pelajari', 'dan', 'penjelasanya', 'bahasa', 'indonesia', 'dan', 'setelah', 'berlangganan', 'yang', 'di', 'translate', 'bahasa', 'indonesia', 'bahkan', 'cuma', 'sebagian', 'dan', 'fitur', 'yang', 'gratis', 'saja', 'tolong', 'iya']","['suka', 'penjelasan', 'contoh', 'kalimat', 'mengerti', 'klik', 'penjelasannya', 'partikelnya', 'nggk', 'suka', 'translate', 'bahasa', 'indonesia', 'berlangganan', 'suka', 'apk', 'lengkap', 'mudah', 'pelajari', 'penjelasanya', 'bahasa', 'indonesia', 'berlangganan', 'translate', 'bahasa', 'indonesia', 'fitur', 'gratis', 'tolong']",suka penjelasan contoh kalimat mengerti klik penjelasannya partikelnya nggk suka translate bahasa indonesia berlangganan suka apk lengkap mudah pelajari penjelasanya bahasa indonesia berlangganan translate bahasa indonesia fitur gratis tolong,suka jelas contoh kalimat erti klik jelas partikel nggk suka translate bahasa indonesia langgan suka apk lengkap mudah ajar jasa bahasa indonesia langgan translate bahasa indonesia fitur gratis tolong,bunpou
"Fiturnya sangat lengkap mulai dari kanji, listening, sampai budayanya. Sangat cocok juga untuk pemula. Kekurangannya masih ada terjemahan bahasa inggris padahal sudah disetting jadi bahasa indonesia.",Fiturnya sangat lengkap mulai dari kanji listening sampai budayanya Sangat cocok juga untuk pemula Kekurangannya masih ada terjemahan bahasa inggris padahal sudah disetting jadi bahasa indonesia,fiturnya sangat lengkap mulai dari kanji listening sampai budayanya sangat cocok juga untuk pemula kekurangannya masih ada terjemahan bahasa inggris padahal sudah disetting jadi bahasa indonesia,fiturnya sangat lengkap mulai dari kanji listening sampai budayanya sangat cocok juga untuk pemula kekurangannya masih ada terjemahan bahasa inggris padahal sudah disetting jadi bahasa indonesia,fiturnya sangat lengkap mulai dari kanji listening sampai budayanya sangat cocok juga untuk pemula kekurangannya masih ada terjemahan bahasa inggris padahal sudah disetting jadi bahasa indonesia,"['fiturnya', 'sangat', 'lengkap', 'mulai', 'dari', 'kanji', 'listening', 'sampai', 'budayanya', 'sangat', 'cocok', 'juga', 'untuk', 'pemula', 'kekurangannya', 'masih', 'ada', 'terjemahan', 'bahasa', 'inggris', 'padahal', 'sudah', 'disetting', 'jadi', 'bahasa', 'indonesia']","['fiturnya', 'sangat', 'lengkap', 'mulai', 'dari', 'kanji', 'listening', 'sampai', 'budayanya', 'sangat', 'cocok', 'juga', 'untuk', 'pemula', 'kekurangannya', 'masih', 'ada', 'terjemahan', 'bahasa', 'inggris', 'padahal', 'sudah', 'disetting', 'jadi', 'bahasa', 'indonesia']","['fiturnya', 'lengkap', 'kanji', 'listening', 'budayanya', 'cocok', 'pemula', 'kekurangannya', 'terjemahan', 'bahasa', 'inggris', 'disetting', 'bahasa', 'indonesia']",fiturnya lengkap kanji listening budayanya cocok pemula kekurangannya terjemahan bahasa inggris disetting bahasa indonesia,fiturnya lengkap kanji listening budaya cocok mula kurang terjemah bahasa inggris disetting bahasa indonesia,kanji
"Untuk penjelasan ""tata bahasa"", masih belum semua yang menggunakan dengan Bahasa Indonesia, padahal saya sudah menggunakan yang premium. Tolong di update semua penjelasan "" Tata bahasa / bunpou"" Dengan menggunakan bahasa Indonesia",Untuk penjelasan tata bahasa masih belum semua yang menggunakan dengan Bahasa Indonesia padahal saya sudah menggunakan yang premium Tolong di update semua penjelasan  Tata bahasa  bunpou Dengan menggunakan bahasa Indonesia,untuk penjelasan tata bahasa masih belum semua yang menggunakan dengan bahasa indonesia padahal saya sudah menggunakan yang premium tolong di update semua penjelasan  tata bahasa  bunpou dengan menggunakan bahasa indonesia,untuk penjelasan tata bahasa masih belum semua yang menggunakan dengan bahasa indonesia padahal saya sudah menggunakan yang premium tolong di update semua penjelasan  tata bahasa  bunpou dengan menggunakan bahasa indonesia,untuk penjelasan tata bahasa masih belum semua yang menggunakan dengan bahasa indonesia padahal saya sudah menggunakan yang premium tolong di update semua penjelasan tata bahasa bunpou dengan menggunakan bahasa indonesia,"['untuk', 'penjelasan', 'tata', 'bahasa', 'masih', 'belum', 'semua', 'yang', 'menggunakan', 'dengan', 'bahasa', 'indonesia', 'padahal', 'saya', 'sudah', 'menggunakan', 'yang', 'premium', 'tolong', 'di', 'update', 'semua', 'penjelasan', 'tata', 'bahasa', 'bunpou', 'dengan', 'menggunakan', 'bahasa', 'indonesia']","['untuk', 'penjelasan', 'tata', 'bahasa', 'masih', 'belum', 'semua', 'yang', 'menggunakan', 'dengan', 'bahasa', 'indonesia', 'padahal', 'saya', 'sudah', 'menggunakan', 'yang', 'premium', 'tolong', 'di', 'update', 'semua', 'penjelasan', 'tata', 'bahasa', 'bunpou', 'dengan', 'menggunakan', 'bahasa', 'indonesia']","['penjelasan', 'tata', 'bahasa', 'bahasa', 'indonesia', 'premium', 'tolong', 'update', 'penjelasan', 'tata', 'bahasa', 'bunpou', 'bahasa', 'indonesia']",penjelasan tata bahasa bahasa indonesia premium tolong update penjelasan tata bahasa bunpou bahasa indonesia,jelas tata bahasa bahasa indonesia premium tolong update jelas tata bahasa bunpou bahasa indonesia,bunpou
"translate Indonesia banyak yang ngaco di bab Pelajaran tolong dikaji ulang, bagian Tata Bahasa malah masih inggris",translate Indonesia banyak yang ngaco di bab Pelajaran tolong dikaji ulang bagian Tata Bahasa malah masih inggris,translate indonesia banyak yang ngaco di bab pelajaran tolong dikaji ulang bagian tata bahasa malah masih inggris,translate indonesia banyak yang ngaco di bab pelajaran tolong dikaji ulang bagian tata bahasa malah masih inggris,translate indonesia banyak yang ngaco di bab pelajaran tolong dikaji ulang bagian tata bahasa bahkan masih inggris,"['translate', 'indonesia', 'banyak', 'yang', 'ngaco', 'di', 'bab', 'pelajaran', 'tolong', 'dikaji', 'ulang', 'bagian', 'tata', 'bahasa', 'bahkan', 'masih', 'inggris']","['translate', 'indonesia', 'banyak', 'yang', 'ngaco', 'di', 'bab', 'pelajaran', 'tolong', 'dikaji', 'ulang', 'bagian', 'tata', 'bahasa', 'bahkan', 'masih', 'inggris']","['translate', 'indonesia', 'ngaco', 'bab', 'pelajaran', 'tolong', 'dikaji', 'ulang', 'tata', 'bahasa', 'inggris']",translate indonesia ngaco bab pelajaran tolong dikaji ulang tata bahasa inggris,translate indonesia ngaco bab ajar tolong kaji ulang tata bahasa inggris,bunpou
"sangat membantu, walaupun aku masih gak terbiasa ngucapin kalimat atau ngebaca tulisannya, tapi semoga makin bermanfaat",sangat membantu walaupun aku masih gak terbiasa ngucapin kalimat atau ngebaca tulisannya tapi semoga makin bermanfaat,sangat membantu walaupun aku masih gak terbiasa ngucapin kalimat atau ngebaca tulisannya tapi semoga makin bermanfaat,sangat membantu aku masih gak terbiasa ngucapin kalimat atau ngebaca tulisannya semoga makin bermanfaat,sangat membantu aku masih tidak terbiasa ngucapin kalimat atau ngebaca tulisannya semoga makin bermanfaat,"['sangat', 'membantu', 'aku', 'masih', 'tidak', 'terbiasa', 'ngucapin', 'kalimat', 'atau', 'ngebaca', 'tulisannya', 'semoga', 'makin', 'bermanfaat']","['sangat', 'membantu', 'aku', 'masih', 'tidak', 'terbiasa', 'ngucapin', 'kalimat', 'atau', 'ngebaca', 'tulisannya', 'semoga', 'makin', 'bermanfaat']","['membantu', 'terbiasa', 'ngucapin', 'kalimat', 'ngebaca', 'tulisannya', 'semoga', 'bermanfaat']",membantu terbiasa ngucapin kalimat ngebaca tulisannya semoga bermanfaat,bantu biasa ngucapin kalimat ngebaca tulis moga manfaat,bunpou
"buat list kanji sekarang jadi premium padahal dulu nggak untuk belajar semuanya lengkap sih dari partikel, nomina, kata kerja, sifat, dsb",buat list kanji sekarang jadi premium padahal dulu nggak untuk belajar semuanya lengkap sih dari partikel nomina kata kerja sifat dsb,buat list kanji sekarang jadi premium padahal dulu nggak untuk belajar semuanya lengkap sih dari partikel nomina kata kerja sifat dsb,buat list kanji sekarang jadi premium padahal dulu nggak untuk belajar semuanya lengkap sih dari partikel nomina kata kerja sifat dsb,buat list kanji sekarang jadi premium padahal dulu tidak untuk belajar semuanya lengkap sih dari partikel nomina kata kerja sifat dan sebagainya,"['buat', 'list', 'kanji', 'sekarang', 'jadi', 'premium', 'padahal', 'dulu', 'tidak', 'untuk', 'belajar', 'semuanya', 'lengkap', 'sih', 'dari', 'partikel', 'nomina', 'kata', 'kerja', 'sifat', 'dan', 'sebagainya']","['buat', 'list', 'kanji', 'sekarang', 'jadi', 'premium', 'padahal', 'dulu', 'tidak', 'untuk', 'belajar', 'semuanya', 'lengkap', 'sih', 'dari', 'partikel', 'nomina', 'kata', 'kerja', 'sifat', 'dan', 'sebagainya']","['list', 'kanji', 'premium', 'belajar', 'lengkap', 'partikel', 'nomina', 'kerja', 'sifat']",list kanji premium belajar lengkap partikel nomina kerja sifat,list kanji premium ajar lengkap partikel nomina kerja sifat,kanji
Sangat membantu karena di sertai cara penulisan kanji dan kunci untuk menghafal.,Sangat membantu karena di sertai cara penulisan kanji dan kunci untuk menghafal,sangat membantu karena di sertai cara penulisan kanji dan kunci untuk menghafal,sangat membantu karena di i cara penulisan kanji dan kunci untuk menghafal,sangat membantu karena di i cara penulisan kanji dan kunci untuk menghafal,"['sangat', 'membantu', 'karena', 'di', 'i', 'cara', 'penulisan', 'kanji', 'dan', 'kunci', 'untuk', 'menghafal']","['sangat', 'membantu', 'karena', 'di', 'i', 'cara', 'penulisan', 'kanji', 'dan', 'kunci', 'untuk', 'menghafal']","['membantu', 'penulisan', 'kanji', 'kunci', 'menghafal']",membantu penulisan kanji kunci menghafal,bantu tulis kanji kunci hafal,kanji
The only one to recognize kanji by base. Cant write stroke though,The only one to recognize kanji by base Cant write stroke though,the only one to recognize kanji by base cant write stroke though,the only one to recognize kanji by base cant write stroke though,the only one to recognize kanji by base cant write stroke though,"['the', 'only', 'one', 'to', 'recognize', 'kanji', 'by', 'base', 'cant', 'write', 'stroke', 'though']","['the', 'only', 'one', 'to', 'recognize', 'kanji', 'by', 'base', 'cant', 'write', 'stroke', 'though']","['one', 'recognize', 'kanji', 'base', 'cant', 'write', 'stroke', 'though']",one recognize kanji base cant write stroke though,one recognize kanji base cant write stroke though,kanji
"But the kanji database isnt with onyomi and kunyomi reading, so please improve the kanji.",But the kanji database isnt with onyomi and kunyomi reading so please improve the kanji,but the kanji database isnt with onyomi and kunyomi reading so please improve the kanji,but the kanji database isnt with onyomi and kunyomi reading so please improve the kanji,but the kanji database isnt dengan onyomi and kunyomi reading so please improve the kanji,"['but', 'the', 'kanji', 'database', 'isnt', 'dengan', 'onyomi', 'and', 'kunyomi', 'reading', 'so', 'please', 'improve', 'the', 'kanji']","['but', 'the', 'kanji', 'database', 'isnt', 'dengan', 'onyomi', 'and', 'kunyomi', 'reading', 'so', 'please', 'improve', 'the', 'kanji']","['kanji', 'database', 'isnt', 'onyomi', 'kunyomi', 'reading', 'please', 'improve', 'kanji']",kanji database isnt onyomi kunyomi reading please improve kanji,kanji database isnt onyomi kunyomi reading please improve kanji,kanji
"It's a perfect apps i'd ever used besides obenkyo! You know that's a rare case to bump to an apps that teach kanji, hiragana, katakana, and grammar, well you could say everythings at once!!",Its a perfect apps id ever used besides obenkyo You know thats a rare case to bump to an apps that teach kanji hiragana katakana and grammar well you could say everythings at once,its a perfect apps id ever used besides obenkyo you know thats a rare case to bump to an apps that teach kanji hiragana katakana and grammar well you could say everythings at once,its a perfect apps id ever used besides obenkyo you know thats a rare case to bump to an apps that teach kanji hiragana katakana and grammar well you could say everythings at once,its a perfect apps id ever used besides obenkyo you know thats a rare case to bump to an apps that teach kanji hiragana katakana and tata bahasa well you could sayang everythings at once,"['its', 'a', 'perfect', 'apps', 'id', 'ever', 'used', 'besides', 'obenkyo', 'you', 'know', 'thats', 'a', 'rare', 'case', 'to', 'bump', 'to', 'an', 'apps', 'that', 'teach', 'kanji', 'hiragana', 'katakana', 'and', 'tata', 'bahasa', 'well', 'you', 'could', 'sayang', 'everythings', 'at', 'once']","['its', 'a', 'perfect', 'apps', 'id', 'ever', 'used', 'besides', 'obenkyo', 'you', 'know', 'thats', 'a', 'rare', 'case', 'to', 'bump', 'to', 'an', 'apps', 'that', 'teach', 'kanji', 'hiragana', 'katakana', 'and', 'tata', 'bahasa', 'well', 'you', 'could', 'sayang', 'everythings', 'at', 'once']","['perfect', 'apps', 'id', 'ever', 'used', 'besides', 'obenkyo', 'know', 'thats', 'rare', 'case', 'bump', 'apps', 'teach', 'kanji', 'hiragana', 'katakana', 'tata', 'bahasa', 'well', 'could', 'sayang', 'everythings']",perfect apps id ever used besides obenkyo know thats rare case bump apps teach kanji hiragana katakana tata bahasa well could sayang everythings,perfect apps id ever used besides obenkyo know thats rare case bump apps teach kanji hiragana katakana tata bahasa well could sayang everythings,"bunpou,kanji,kotoba"
